"diagnose_id","icd_code","descr"
1,"A00","Cholera"
2,"A01","Typhus abdominalis und Paratyphus"
3,"A02","Sonstige Salmonelleninfektionen"
4,"A03","Shigellose [Bakterielle Ruhr]"
5,"A04","Sonstige bakterielle Darminfektionen"
6,"A05","Sonstige bakteriell bedingte Lebensmittelvergiftungen"
7,"A06","Amöbiasis"
8,"A07","Sonstige Darmkrankheiten durch Protozoen"
9,"A08","Virusbedingte und sonstige näher bezeichnete Darminfektionen"
10,"A09","Diarrhoe und Gastroenteritis, vermutlich infektiösen Ursprungs"
11,"A15","Tuberkulose der Atmungsorgane, bakteriologisch oder histologisch gesichert"
12,"A16","Tuberkulose der Atmungsorgane, weder bakteriologisch noch histologisch gesichert"
13,"A17","Tuberkulose des Nervensystems"
14,"A18","Tuberkulose sonstiger Organe"
15,"A19","Miliartuberkulose"
16,"A20","Pest"
17,"A21","Tularämie"
18,"A22","Anthrax [Milzbrand]"
19,"A23","Brucellose"
20,"A24","Rotz [Malleus] und Melioidose [Pseudorotz]"
21,"A25","Rattenbißkrankheiten"
22,"A26","Erysipeloid"
23,"A27","Leptospirose"
24,"A28","Sonstige bakterielle Zoonosen, anderenorts nicht klassifiziert"
25,"A30","Lepra [Aussatz]"
26,"A31","Infektion durch sonstige Mykobakterien"
27,"A32","Listeriose"
28,"A33","Tetanus neonatorum"
29,"A34","Tetanus während der Schwangerschaft, der Geburt und des Wochenbettes"
30,"A35","Sonstiger Tetanus, Tetanus o.n.A."
31,"A36","Diphtherie"
32,"A37","Keuchhusten"
33,"A38","Scharlach, Scarlatina"
34,"A39","Meningokokkeninfektion"
35,"A40","Streptokokkensepsis"
36,"A41","Sonstige Sepsis"
37,"A42","Aktinomykose"
38,"A43","Nokardiose"
39,"A44","Bartonellose"
40,"A46","Erysipel [Wundrose]"
41,"A48","Sonstige bakterielle Krankheiten, anderenorts nicht klassifiziert"
42,"A49","Bakterielle Infektion nicht näher bezeichneter Lokalisation"
43,"A50","Syphilis connata"
44,"A51","Frühsyphilis"
45,"A52","Spätsyphilis"
46,"A53","Sonstige und nicht näher bezeichnete Syphilis"
47,"A54","Gonokokkeninfektion"
48,"A55","Lymphogranuloma inguinale (venereum) durch Chlamydien, Durand-Nicolas-Favre-Krankheit, Esthiomene, Klimatischer oder tropischer Bubo"
49,"A56","Sonstige durch Geschlechtsverkehr übertragene Chlamydienkrankheiten"
50,"A57","Ulcus molle (venereum), Weicher Schanker"
51,"A58","Granuloma venereum (inguinale)"
52,"A59","Trichomoniasis"
53,"A60","Infektionen des Anogenitalbereiches durch Herpesviren [Herpes simplex]"
54,"A63","Sonstige vorwiegend durch Geschlechtsverkehr übertragene Krankheiten, anderenorts nicht klassifiziert"
55,"A64","Durch Geschlechtsverkehr übertragene Krankheiten, nicht näher bezeichnet, Geschlechtskrankheiten o.n.A."
56,"A65","Nichtvenerische Syphilis, Bejel, Endemische Syphilis, Njovera"
57,"A66","Frambösie"
58,"A67","Pinta [Carate]"
59,"A68","Rückfallfieber"
60,"A69","Sonstige Spirochäteninfektionen"
61,"A70","Infektionen durch Chlamydia psittaci, Ornithose, Papageienkrankheit, Psittakose"
62,"A71","Trachom"
63,"A74","Sonstige Krankheiten durch Chlamydien"
64,"A75","Fleckfieber"
65,"A77","Zeckenbißfieber [Rickettsiosen, durch Zecken übertragen]"
66,"A78","Q-Fieber, Balkangrippe, Infektion durch Rickettsia (Coxiella) burneti, Query-Fieber"
67,"A79","Sonstige Rickettsiosen"
68,"A80","Akute Poliomyelitis [Spinale Kinderlähmung]"
69,"A81","Atypische Virus-Infektionen des Zentralnervensystems"
70,"A82","Tollwut [Rabies]"
71,"A83","Virusenzephalitis, durch Moskitos [Stechmücken] übertragen"
72,"A84","Virusenzephalitis, durch Zecken übertragen"
73,"A85","Sonstige Virusenzephalitis, anderenorts nicht klassifiziert"
74,"A86","Virusenzephalitis, nicht näher bezeichnet, Virusenzephalomyelitis o.n.A., Virusmeningoenzephalitis o.n.A."
75,"A87","Virusmeningitis"
76,"A88","Sonstige Virusinfektionen des Zentralnervensystems, anderenorts nicht klassifiziert"
77,"A89","Virusinfektion des Zentralnervensystems, nicht näher bezeichnet"
78,"A90","Dengue-Fieber [Klassische Dengue]"
79,"A91","Hämorrhagisches Dengue-Fieber"
80,"A92","Sonstige durch Moskitos [Stechmücken] übertragene Viruskrankheiten"
81,"A93","Sonstige durch Arthropoden übertragene Viruskrankheiten, anderenorts nicht klassifiziert"
82,"A94","Durch Arthropoden übertragene Viruskrankheit, nicht näher bezeichnet, Arbovirusinfektion o.n.A., Arboviruskrankheit o.n.A."
83,"A95","Gelbfieber"
84,"A96","Hämorrhagisches Fieber durch Arenaviren"
85,"A97","Dengue"
86,"A98","Sonstige hämorrhagische Viruskrankheiten, anderenorts nicht klassifiziert"
87,"A99","Nicht näher bezeichnete hämorrhagische Viruskrankheit"
88,"B00","Infektionen durch Herpesviren [Herpes simplex]"
89,"B01","Varizellen [Windpocken]"
90,"B02","Zoster [Herpes zoster]"
91,"B03","Pocken [Fußnote: Die 33. Weltgesundheitsversammlung erklärte im Jahr 1980, daß die Pocken beseitigt wurden. Die Kategorie wird zu Überwachungszwecken beibehalten.]"
92,"B04","Affenpocken"
93,"B05","Masern, Morbilli"
94,"B06","Röteln [Rubeola] [Rubella]"
95,"B07","Viruswarzen, Verruca: simplex, vulgaris"
96,"B08","Sonstige Virusinfektionen, die durch Haut- und Schleimhautläsionen gekennzeichnet sind, anderenorts nicht klassifiziert"
97,"B09","Nicht näher bezeichnete Virusinfektion, die durch Haut- und Schleimhautläsionen gekennzeichnet ist, Enanthem o.n.A., Exanthem o.n.A. durch Viren"
98,"B15","Akute Virushepatitis A"
99,"B16","Akute Virushepatitis B"
100,"B17","Sonstige akute Virushepatitis"
101,"B18","Chronische Virushepatitis"
102,"B19","Nicht näher bezeichnete Virushepatitis"
103,"B20","Infektiöse und parasitäre Krankheiten infolge HIV-Krankheit [Humane Immundefizienz-Viruskrankheit]"
104,"B21","Bösartige Neubildungen infolge HIV-Krankheit [Humane Immundefizienz-Viruskrankheit]"
105,"B22","Sonstige näher bezeichnete Krankheiten infolge HIV-Krankheit [Humane Immundefizienz-Viruskrankheit]"
106,"B23","Sonstige Krankheitszustände infolge HIV-Krankheit [Humane Immundefizienz-Viruskrankheit]"
107,"B24","Nicht näher bezeichnete HIV-Krankheit [Humane Immundefizienz-Viruskrankheit], AIDS-related complex [ARC] o.n.A., Erworbenes Immundefektsyndrom [AIDS] o.n.A."
108,"B25","Zytomegalie"
109,"B26","Mumps"
110,"B27","Infektiöse Mononukleose"
111,"B30","Viruskonjunktivitis"
112,"B33","Sonstige Viruskrankheiten, anderenorts nicht klassifiziert"
113,"B34","Viruskrankheit nicht näher bezeichneter Lokalisation"
114,"B35","Dermatophytose [Tinea]"
115,"B36","Sonstige oberflächliche Mykosen"
116,"B37","Kandidose, Kandidamykose, Moniliasis"
117,"B38","Kokzidioidomykose"
118,"B39","Histoplasmose"
119,"B40","Blastomykose"
120,"B41","Parakokzidioidomykose"
121,"B42","Sporotrichose"
122,"B43","Chromomykose und chromomykotischer Abszeß"
123,"B44","Aspergillose"
124,"B45","Kryptokokkose"
125,"B46","Zygomykose"
126,"B47","Myzetom"
127,"B48","Sonstige Mykosen, anderenorts nicht klassifiziert"
128,"B49","Nicht näher bezeichnete Mykose, Fungämie o.n.A."
129,"B50","Malaria tropica durch Plasmodium falciparum"
130,"B51","Malaria tertiana durch Plasmodium vivax"
131,"B52","Malaria quartana durch Plasmodium malariae"
132,"B53","Sonstige parasitologisch bestätigte Malaria"
133,"B54","Malaria, nicht näher bezeichnet, Klinisch diagnostizierte Malaria ohne parasitologische Bestätigung"
134,"B55","Leishmaniose"
135,"B56","Afrikanische Trypanosomiasis, Schlafkrankheit"
136,"B57","Chagas-Krankheit"
137,"B58","Toxoplasmose"
138,"B59","Pneumozystose. Plasmazelluläre interstitielle Pneumonie, Pneumonie durch Pneumocystis carinii"
139,"B60","Sonstige Protozoenkrankheiten, anderenorts nicht klassifiziert"
140,"B64","Nicht näher bezeichnete Protozoenkrankheit"
141,"B65","Schistosomiasis [Bilharziose]"
142,"B66","Befall durch sonstige Trematoden [Egel]"
143,"B67","Echinokokkose"
144,"B68","Taeniasis"
145,"B69","Zystizerkose"
146,"B70","Diphyllobothriose und Sparganose"
147,"B71","Befall durch sonstige Zestoden"
148,"B72","Drakunkulose, Infektion durch Dracunculus medinensis, Medinawurm-Infektion"
149,"B73","Onchozerkose, Flußblindheit, Onchocerca-volvulus-Infektion, Onchozerkiasis"
150,"B74","Filariose"
151,"B75","Trichinellose, Infektion durch Trichinella-Arten, Trichinose"
152,"B76","Hakenwurm-Krankheit"
153,"B77","Askaridose, Askariasis, Askaridiasis, Spulwurm-Infektion"
154,"B78","Strongyloidiasis"
155,"B79","Trichuriasis, Peitschenwurm (Krankheit) (Infektion), Trichocephaliasis"
156,"B80","Enterobiasis, Fadenwurm-Infektion, Madenwurm-Infektion, Oxyuriasis"
157,"B81","Sonstige intestinale Helminthosen, anderenorts nicht klassifiziert"
158,"B82","Nicht näher bezeichneter intestinaler Parasitismus"
159,"B83","Sonstige Helminthosen"
160,"B85","Pedikulose [Läusebefall] und Phthiriasis [Filzläusebefall]"
161,"B86","Skabies, Krätze"
162,"B87","Myiasis"
163,"B88","Sonstiger Parasitenbefall der Haut"
164,"B89","Nicht näher bezeichnete parasitäre Krankheit"
165,"B90","Folgezustände der Tuberkulose"
166,"B91","Folgezustände der Poliomyelitis"
167,"B92","Folgezustände der Lepra"
168,"B94","Folgezustände sonstiger und nicht näher bezeichneter infektiöser und parasitärer Krankheiten"
169,"B95","Streptokokken und Staphylokokken als Ursache von Krankheiten, die in anderen Kapiteln klassifiziert sind"
170,"B96","Sonstige Bakterien als Ursache von Krankheiten, die in anderen Kapiteln klassifiziert sind"
171,"B97","Viren als Ursache von Krankheiten, die in anderen Kapiteln klassifiziert sind"
172,"B98","Sonstige näher bezeichnete infektiöse Erreger als Ursache von Krankheiten, die in anderen Kapiteln klassifiziert sind"
173,"B99","Sonstige und nicht näher bezeichnete Infektionskrankheiten"
174,"C00","Bösartige Neubildung der Lippe"
175,"C01","Bösartige Neubildung des Zungengrundes, Dorsalfläche der Zungenbasis, Fixierter Zungenteil o.n.A., Hinteres Drittel der Zunge"
176,"C02","Bösartige Neubildung sonstiger und nicht näher bezeichneter Teile der Zunge"
177,"C03","Bösartige Neubildung des Zahnfleisches"
178,"C04","Bösartige Neubildung des Mundbodens"
179,"C05","Bösartige Neubildung des Gaumens"
180,"C06","Bösartige Neubildung sonstiger und nicht näher bezeichneter Teile des Mundes"
181,"C07","Bösartige Neubildung der Parotis"
182,"C08","Bösartige Neubildung sonstiger und nicht näher bezeichneter großer Speicheldrüsen"
183,"C09","Bösartige Neubildung der Tonsille"
184,"C10","Bösartige Neubildung des Oropharynx"
185,"C11","Bösartige Neubildung des Nasopharynx"
186,"C12","Bösartige Neubildung des Recessus piriformis, Fossa piriformis"
187,"C13","Bösartige Neubildung des Hypopharynx"
188,"C14","Bösartige Neubildung sonstiger und ungenau bezeichneter Lokalisationen der Lippe, der Mundhöhle und des Pharynx"
189,"C15","Bösartige Neubildung - Bösartige Neubildung des Ösophagus"
190,"C16","Bösartige Neubildung des Magens"
191,"C17","Bösartige Neubildung des Dünndarmes"
192,"C18","Bösartige Neubildung des Dickdarmes"
193,"C19","Bösartige Neubildung am Rektosigmoid, Übergang Kolon mit Rektum, Übergang vom Rektum zum Colon sigmoideum"
194,"C20","Bösartige Neubildung des Rektums, Ampulla recti"
195,"C21","Bösartige Neubildung des Anus und des Analkanals"
196,"C22","Bösartige Neubildung der Leber und der intrahepatischen Gallengänge"
197,"C23","Bösartige Neubildung der Gallenblase"
198,"C24","Bösartige Neubildung sonstiger und nicht näher bezeichneter Teile der Gallenwege"
199,"C25","Bösartige Neubildung des Pankreas"
200,"C26","Bösartige Neubildung sonstiger und ungenau bezeichneter Verdauungsorgane"
201,"C30","Bösartige Neubildung der Nasenhöhle und des Mittelohres"
202,"C31","Bösartige Neubildung der Nasennebenhöhlen"
203,"C32","Bösartige Neubildung des Larynx"
204,"C33","Bösartige Neubildung der Trachea"
205,"C34","Bösartige Neubildung der Bronchien und der Lunge"
206,"C37","Bösartige Neubildung des Thymus"
207,"C38","Bösartige Neubildung des Herzens, des Mediastinums und der Pleura"
208,"C39","Bösartige Neubildung sonstiger und ungenau bezeichneter Lokalisationen des Atmungssystems und sonstiger intrathorakaler Organe"
209,"C40","Bösartige Neubildung des Knochens und des Gelenkknorpels der Extremitäten"
210,"C41","Bösartige Neubildung des Knochens und des Gelenkknorpels sonstiger und nicht näher bezeichneter Lokalisationen"
211,"C43","Bösartiges Melanom der Haut"
212,"C44","Sonstige bösartige Neubildungen der Haut"
213,"C45","Mesotheliom"
214,"C46","Kaposi-Sarkom [Sarcoma idiopathicum multiplex haemorrhagicum]"
215,"C47","Bösartige Neubildung der peripheren Nerven und des autonomen Nervensystems"
216,"C48","Bösartige Neubildung des Retroperitoneums und des Peritoneums"
217,"C49","Bösartige Neubildung sonstigen Bindegewebes und anderer Weichteilgewebe"
218,"C50","Bösartige Neubildung der Brustdrüse [Mamma]"
219,"C51","Bösartige Neubildung der Vulva"
220,"C52","Bösartige Neubildung der Vagina"
221,"C53","Bösartige Neubildung der Cervix uteri"
222,"C54","Bösartige Neubildung des Corpus uteri"
223,"C55","Bösartige Neubildung - Bösartige Neubildung des Uterus, Teil nicht näher bezeichnet"
224,"C56","Bösartige Neubildung des Ovars"
225,"C57","Bösartige Neubildung sonstiger und nicht näher bezeichneter weiblicher Genitalorgane"
226,"C58","Bösartige Neubildung der Plazenta, Chorionepitheliom o.n.A., Chorionkarzinom o.n.A."
227,"C60","Bösartige Neubildung des Penis"
228,"C61","Bösartige Neubildung der Prostata"
229,"C62","Bösartige Neubildung des Hodens"
230,"C63","Bösartige Neubildung sonstiger und nicht näher bezeichneter männlicher Genitalorgane"
231,"C64","Bösartige Neubildung der Niere, ausgenommen Nierenbecken"
232,"C65","Bösartige Neubildung des Nierenbeckens, Nierenbeckenkelche, Nierenbecken-Ureter-Übergang"
233,"C66","Bösartige Neubildung des Ureters"
234,"C67","Bösartige Neubildung der Harnblase"
235,"C68","Bösartige Neubildung sonstiger und nicht näher bezeichneter Harnorgane"
236,"C69","Bösartige Neubildung des Auges und der Augenanhangsgebilde"
237,"C70","Bösartige Neubildung der Meningen"
238,"C71","Bösartige Neubildung des Gehirns"
239,"C72","Bösartige Neubildung des Rückenmarkes, der Hirnnerven und anderer Teile des Zentralnervensystems"
240,"C73","Bösartige Neubildung der Schilddrüse"
241,"C74","Bösartige Neubildung der Nebenniere"
242,"C75","Bösartige Neubildung sonstiger endokriner Drüsen und verwandter Strukturen"
243,"C76","Bösartige Neubildung sonstiger und ungenau bezeichneter Lokalisationen"
244,"C77","Sekundäre und nicht näher bezeichnete bösartige Neubildung der Lymphknoten"
245,"C78","Sekundäre bösartige Neubildung der Atmungs- und Verdauungsorgane"
246,"C79","Sekundäre bösartige Neubildung an sonstigen Lokalisationen"
247,"C80","Bösartige Neubildung ohne Angabe der Lokalisation. Generalisierter: Krebs, maligner Tumor, Karzinom, Karzinose, Multipler Krebs; nicht näher bezeichneter Lokalisation (primär) (sekundär)"
248,"C81","Hodgkin-Krankheit [Lymphogranulomatose]"
249,"C82","Follikuläres [noduläres] Non-Hodgkin-Lymphom"
250,"C83","Diffuses Non-Hodgkin-Lymphom"
251,"C84","Periphere und kutane T-Zell-Lymphome"
252,"C85","Sonstige und nicht näher bezeichnete Typen des Non-Hodgkin-Lymphoms"
253,"C86","Weitere spezifizierte T/NK-Zell-Lymphome"
254,"C88","Bösartige immunproliferative Krankheiten"
255,"C90","Plasmozytom und bösartige Plasmazellen-Neubildungen"
256,"C91","Lymphatische Leukämie"
257,"C92","Myeloische Leukämie"
258,"C93","Monozytenleukämie"
259,"C94","Sonstige Leukämien näher bezeichneten Zelltyps"
260,"C95","Leukämie nicht näher bezeichneten Zelltyps"
261,"C96","Sonstige und nicht näher bezeichnete bösartige Neubildungen des lymphatischen, blutbildenden und verwandten Gewebes"
262,"C97","Bösartige Neubildungen als Primärtumoren an mehreren Lokalisationen"
263,"D00","Carcinoma in situ der Mundhöhle, des Ösophagus und des Magens"
264,"D01","Carcinoma in situ sonstiger und nicht näher bezeichneter Verdauungsorgane"
265,"D02","Carcinoma in situ des Mittelohres und des Atmungssystems"
266,"D03","Melanoma in situ"
267,"D04","Carcinoma in situ der Haut"
268,"D05","Carcinoma in situ der Brustdrüse [Mamma]"
269,"D06","Carcinoma in situ der Cervix uteri"
270,"D07","Carcinoma in situ sonstiger und nicht näher bezeichneter Genitalorgane"
271,"D09","Carcinoma in situ sonstiger und nicht näher bezeichneter Lokalisationen"
272,"D10","Gutartige Neubildung des Mundes und des Pharynx"
273,"D11","Gutartige Neubildung der großen Speicheldrüsen"
274,"D12","Gutartige Neubildung des Kolons, des Rektums, des Analkanals und des Anus"
275,"D13","Gutartige Neubildung sonstiger und ungenau bezeichneter Teile des Verdauungssystems"
276,"D14","Gutartige Neubildung des Mittelohres und des Atmungssystems"
277,"D15","Gutartige Neubildung sonstiger und nicht näher bezeichneter intrathorakaler Organe"
278,"D16","Gutartige Neubildung des Knochens und des Gelenkknorpels"
279,"D17","Gutartige Neubildung des Fettgewebes"
280,"D18","Hämangiom und Lymphangiom, jede Lokalisation"
281,"D19","Gutartige Neubildung des mesothelialen Gewebes"
282,"D20","Gutartige Neubildung des Weichteilgewebes des Retroperitoneums und des Peritoneums"
283,"D21","Gutartige Neubildung - Sonstige gutartige Neubildungen des Bindegewebes und anderer Weichteilgewebe"
284,"D22","Melanozytennävus"
285,"D23","Sonstige gutartige Neubildungen der Haut"
286,"D24","Gutartige Neubildung der Brustdrüse [Mamma], Brustdrüse: Bindegewebe, Weichteile"
287,"D25","Leiomyom des Uterus"
288,"D26","Sonstige gutartige Neubildungen des Uterus"
289,"D27","Gutartige Neubildung des Ovars"
290,"D28","Gutartige Neubildung sonstiger und nicht näher bezeichneter weiblicher Genitalorgane"
291,"D29","Gutartige Neubildung der männlichen Genitalorgane"
292,"D30","Gutartige Neubildung der Harnorgane"
293,"D31","Gutartige Neubildung des Auges und der Augenanhangsgebilde"
294,"D32","Gutartige Neubildung der Meningen"
295,"D33","Gutartige Neubildung des Gehirns und anderer Teile des Zentralnervensystems"
296,"D34","Gutartige Neubildung der Schilddrüse"
297,"D35","Gutartige Neubildung sonstiger und nicht näher bezeichneter endokriner Drüsen"
298,"D36","Gutartige Neubildung an sonstigen und nicht näher bezeichneten Lokalisationen"
299,"D37","Neubildung unsicheren oder unbekannten Verhaltens der Mundhöhle und der Verdauungsorgane"
300,"D38","Neubildung unsicheren oder unbekannten Verhaltens des Mittelohres, der Atmungsorgane und der intrathorakalen Organe"
301,"D39","Neubildung unsicheren oder unbekannten Verhaltens der weiblichen Genitalorgane"
302,"D40","Neubildung unsicheren oder unbekannten Verhaltens der männlichen Genitalorgane"
303,"D41","Neubildung unsicheren oder unbekannten Verhaltens der Harnorgane"
304,"D42","Neubildung unsicheren oder unbekannten Verhaltens der Meningen"
305,"D43","Neubildung unsicheren oder unbekannten Verhaltens des Gehirns und des Zentralnervensystems"
306,"D44","Neubildung unsicheren oder unbekannten Verhaltens der endokrinen Drüsen"
307,"D45","Polycythaemia vera, Morphologieschlüsselnummer M9950 mit Malignitätsgrad /1"
308,"D46","Myelodysplastische Syndrome"
309,"D47","Sonstige Neubildungen unsicheren oder unbekannten Verhaltens des lymphatischen, blutbildenden und verwandten Gewebes"
310,"D48","Neubildung unsicheren oder unbekannten Verhaltens an sonstigen und nicht näher bezeichneten Lokalisationen"
311,"D50","Eisenmangelanämie"
312,"D51","Vitamin-B12-Mangelanämie"
313,"D52","Folsäure-Mangelanämie"
314,"D53","Sonstige alimentäre Anämien"
315,"D55","Anämie durch Enzymdefekte"
316,"D56","Thalassämie"
317,"D57","Sichelzellenkrankheiten"
318,"D58","Sonstige hereditäre hämolytische Anämien"
319,"D59","Erworbene hämolytische Anämien"
320,"D60","Erworbene isolierte aplastische Anämie [Erythroblastopenie] [pure red cell aplasia]"
321,"D61","Sonstige aplastische Anämien"
322,"D62","Akute Blutungsanämie"
323,"D63","Anämie bei chronischen, anderenorts klassifizierten Krankheiten"
324,"D64","Sonstige Anämien"
325,"D65","Disseminierte intravasale Gerinnung [Defibrinationssyndrom]. Afibrinogenämie, erworben; Diffuse oder disseminierte intravasale Gerinnung [DIC]; Fibrinolyseblutung, erworben"
326,"D66","Hereditärer Faktor-VIII-Mangel, Faktor-VIII-Mangel (mit Funktionsstörung), Hämophilie: A, klassisch, o.n.A."
327,"D67","Hereditärer Faktor-IX-Mangel, Christmas disease, Hämophilie B, Mangel: Faktor IX (mit Funktionsstörung), Plasma-Thromboplastin-Komponente [PTC]"
328,"D68","Sonstige Koagulopathien"
329,"D69","Purpura und sonstige hämorrhagische Diathesen"
330,"D70","Agranulozytose, Agranulocytosis infantilis hereditaria, Angina agranulocytotica, Kostmann-Syndrom"
331,"D71","Funktionelle Störungen der neutrophilen Granulozyten"
332,"D72","Sonstige Krankheiten der Leukozyten"
333,"D73","Krankheiten der Milz"
334,"D74","Methämoglobinämie"
335,"D75","Sonstige Krankheiten des Blutes und der blutbildenden Organe"
336,"D76","Bestimmte Krankheiten mit Beteiligung des lymphoretikulären Gewebes und des retikulohistiozytären Systems"
337,"D77","Sonstige Krankheiten des Blutes und der blutbildenden Organe bei anderenorts klassifizierten Krankheiten, Fibrose der Milz bei Schistosomiasis [Bilharziose] (B65.-+)"
338,"D80","Immundefekt mit vorherrschendem Antikörpermangel"
339,"D81","Kombinierte Immundefekte"
340,"D82","Immundefekt in Verbindung mit anderen schweren Defekten"
341,"D83","Variabler Immundefekt [common variable immunodeficiency]"
342,"D84","Sonstige Immundefekte"
343,"D86","Sarkoidose"
344,"D89","Sonstige Störungen mit Beteiligung des Immunsystems, anderenorts nicht klassifiziert"
345,"E00","Angeborenes Jodmangelsyndrom"
346,"E01","Jodmangelbedingte Schilddrüsenkrankheiten und verwandte Zustände"
347,"E02","Subklinische Jodmangel-Hypothyreose"
348,"E03","Sonstige Hypothyreose"
349,"E04","Sonstige nichttoxische Struma"
350,"E05","Hyperthyreose [Thyreotoxikose]"
351,"E06","Thyreoiditis"
352,"E07","Sonstige Krankheiten der Schilddrüse"
353,"E10","Primär insulinabhängiger Diabetes mellitus [Typ-I-Diabetes], [Vierte Stellen siehe am Anfang dieser Krankheitsgruppe]"
354,"E11","Nicht primär insulinabhängiger Diabetes mellitus [Typ-II-Diabetes] , [Vierte Stellen siehe am Anfang dieser Krankheitsgruppe]"
355,"E12","Diabetes mellitus in Verbindung mit Fehl- oder Mangelernährung [Malnutrition], [Vierte Stellen siehe am Anfang dieser Krankheitsgruppe]"
356,"E13","Sonstiger näher bezeichneter Diabetes mellitus, [Vierte Stellen siehe am Anfang dieser Krankheitsgruppe]"
357,"E14","Nicht näher bezeichneter Diabetes mellitus, [Vierte Stellen siehe am Anfang dieser Krankheitsgruppe]"
358,"E15","Hypoglykämisches Koma, nichtdiabetisch. Arzneimittelinduziertes Insulinkoma beim Nichtdiabetiker, Hyperinsulinismus mit hypoglykämischem Koma, Hypoglykämisches Koma o.n.A."
359,"E16","Sonstige Störungen der inneren Sekretion des Pankreas"
360,"E20","Hypoparathyreoidismus"
361,"E21","Hyperparathyreoidismus und sonstige Krankheiten der Nebenschilddrüse"
362,"E22","Überfunktion der Hypophyse"
363,"E23","Unterfunktion und andere Störungen der Hypophyse"
364,"E24","Cushing-Syndrom"
365,"E25","Adrenogenitale Störungen"
366,"E26","Hyperaldosteronismus"
367,"E27","Sonstige Krankheiten der Nebenniere"
368,"E28","Ovarielle Dysfunktion"
369,"E29","Testikuläre Dysfunktion"
370,"E30","Pubertätsstörungen, anderenorts nicht klassifiziert"
371,"E31","Polyglanduläre Dysfunktion"
372,"E32","Krankheiten des Thymus"
373,"E34","Sonstige endokrine Störungen"
374,"E35","Störungen der endokrinen Drüsen bei anderenorts klassifizierten Krankheiten"
375,"E40","Kwashiorkor, Erhebliche Mangelernährung mit alimentärem Ödem und Pigmentstörung der Haut und der Haare."
376,"E41","Alimentärer Marasmus, Erhebliche Mangelernährung mit Marasmus"
377,"E42","Kwashiorkor-Marasmus, Erhebliche Energie- und Eiweißmangelernährung [wie unter E43 aufgeführt]: intermediäre Form, mit Anzeichen von Kwashiorkor und Marasmus gleichzeitig"
378,"E43","Nicht näher bezeichnete erhebliche Energie- und Eiweißmangelernährung"
379,"E44","Energie- und Eiweißmangelernährung mäßigen und leichten Grades"
380,"E45","Entwicklungsverzögerung durch Energie- und Eiweißmangelernährung. Alimentär: Entwicklungshemmung, Minderwuchs, Körperliche Retardation durch Mangelernährung"
381,"E46","Nicht näher bezeichnete Energie- und Eiweißmangelernährung, Mangelernährung o.n.A., Störung der Protein-Energie-Balance o.n.A."
382,"E50","Vitamin-A-Mangel"
383,"E51","Thiaminmangel [Vitamin-B1-Mangel]"
384,"E52","Niazinmangel [Pellagra], Mangel: Niazin (Tryptophan), Nikotinsäureamid, Pellagra (alkoholbedingt)"
385,"E53","Mangel an sonstigen Vitaminen des Vitamin-B-Komplexes"
386,"E54","Askorbinsäuremangel, Vitamin-C-Mangel, Skorbut"
387,"E55","Vitamin-D-Mangel"
388,"E56","Sonstige Vitaminmangelzustände"
389,"E58","Alimentärer Kalziummangel"
390,"E59","Alimentärer Selenmangel, Keshan-Krankheit"
391,"E60","Alimentärer Zinkmangel"
392,"E61","Mangel an sonstigen Spurenelementen,"
393,"E63","Sonstige alimentäre Mangelzustände"
394,"E64","Folgen von Mangelernährung oder sonstigen alimentären Mangelzuständen"
395,"E65","Lokalisierte Adipositas, Fettpolster"
396,"E66","Adipositas"
397,"E67","Sonstige Überernährung"
398,"E68","Folgen der Überernährung"
399,"E70","Störungen des Stoffwechsels aromatischer Aminosäuren"
400,"E71","Störungen des Stoffwechsels verzweigter Aminosäuren und des Fettsäurestoffwechsels"
401,"E72","Sonstige Störungen des Aminosäurestoffwechsels"
402,"E73","Laktoseintoleranz"
403,"E74","Sonstige Störungen des Kohlenhydratstoffwechsels"
404,"E75","Störungen des Sphingolipidstoffwechsels und sonstige Störungen der Lipidspeicherung"
405,"E76","Störungen des Glykosaminoglykan-Stoffwechsels"
406,"E77","Störungen des Glykoproteinstoffwechsels"
407,"E78","Störungen des Lipoproteinstoffwechsels und sonstige Lipidämien"
408,"E79","Störungen des Purin- und Pyrimidinstoffwechsels"
409,"E80","Störungen des Porphyrin- und Bilirubinstoffwechsels"
410,"E83","Störungen des Mineralstoffwechsels"
411,"E84","Zystische Fibrose [Mukoviszidose]"
412,"E85","Amyloidose"
413,"E86","Volumenmangel, Dehydratation,Depletion des Plasmavolumens oder der extrazellulären Flüssigkeit, Hypovolämie"
414,"E87","Sonstige Störungen des Wasser- und Elektrolythaushaltes sowie des Säure-Basen-Gleichgewichts"
415,"E88","Sonstige Stoffwechselstörungen,"
416,"E89","Endokrine und Stoffwechselstörungen nach medizinischen Maßnahmen, anderenorts nicht klassifiziert"
417,"E90","Ernährungs- und Stoffwechselstörungen bei anderenorts klassifizierten Krankheiten"
418,"F00","Demenz bei Alzheimer-Krankheit (G30.-+)"
419,"F01","Vaskuläre Demenz. Die vaskuläre Demenz ist das Ergebnis einer Infarzierung des Gehirns als Folge einer vaskulären Krankheit, einschließlich der zerebrovaskulären Hypertonie"
420,"F02","Demenz bei anderenorts klassifizierten Krankheiten"
421,"F03","Nicht näher bezeichnete Demenz, Präsenil: Demenz o.n.A., Psychose o.n.A., Primäre degenerative Demenz o.n.A., Senil: Demenz: depressiver oder paranoider Typus, o.n.A., Psychose o.n.A."
422,"F04","Organisches amnestisches Syndrom, nicht durch Alkohol oder andere psychotrope Substanzen bedingt"
423,"F05","Delir, nicht durch Alkohol oder andere psychotrope Substanzen bedingt"
424,"F06","Andere psychische Störungen aufgrund einer Schädigung oder Funktionsstörung des Gehirns oder einer körperlichen Krankheit"
425,"F07","Persönlichkeits- und Verhaltensstörung aufgrund einer Krankheit, Schädigung oder Funktionsstörung des Gehirns"
426,"F09","Nicht näher bezeichnete organische oder symptomatische psychische Störung, Psychose: organische o.n.A., symptomatische o.n.A."
427,"F10","Psychische und Verhaltensstörungen durch Alkohol [Vierte Stellen siehe am Anfang dieser Krankheitsgruppe]"
428,"F11","Psychische und Verhaltensstörungen durch Opioide [Vierte Stellen siehe am Anfang dieser Krankheitsgruppe]"
429,"F12","Psychische und Verhaltensstörungen durch Cannabinoide [Vierte Stellen siehe am Anfang dieser Krankheitsgruppe]"
430,"F13","Psychische und Verhaltensstörungen durch Sedativa oder Hypnotika [Vierte Stellen siehe am Anfang dieser Krankheitsgruppe]"
431,"F14","Psychische und Verhaltensstörungen durch Kokain [Vierte Stellen siehe am Anfang dieser Krankheitsgruppe]"
432,"H43","Affektionen des Glaskörpers"
433,"F15","Psychische und Verhaltensstörungen durch andere Stimulanzien, einschließlich Koffein [Vierte Stellen siehe am Anfang dieser Krankheitsgruppe]"
434,"F16","Psychische und Verhaltensstörungen durch Halluzinogene [Vierte Stellen siehe am Anfang dieser Krankheitsgruppe]"
435,"F17","Psychische und Verhaltensstörungen durch Tabak [Vierte Stellen siehe am Anfang dieser Krankheitsgruppe]"
436,"F18","Psychische und Verhaltensstörungen durch flüchtige Lösungsmittel [Vierte Stellen siehe am Anfang dieser Krankheitsgruppe]"
437,"F19","Psychische und Verhaltensstörungen durch multiplen Substanzgebrauch und Konsum anderer psychotroper Substanzen [Vierte Stellen siehe am Anfang dieser Krankheitsgruppe]"
438,"F20","Schizophrenie"
439,"F21","Schizotype Störung, Latente schizophrene Reaktion, Schizophrenie: Borderline, latent, präpsychotisch, prodromal, pseudoneurotisch, pseudopsychopathisch, Schizotype Persönlichkeitsstörung"
440,"F22","Anhaltende wahnhafte Störungen"
441,"F23","Akute vorübergehende psychotische Störungen"
442,"F24","Induzierte wahnhafte Störung, Folie à deux, Induziert: paranoide Störung, psychotische Störung"
443,"F25","Schizoaffektive Störungen"
444,"F28","Sonstige nichtorganische psychotische Störungen, Chronisch halluzinatorische Psychose"
445,"F29","Nicht näher bezeichnete nichtorganische Psychose, Psychose o.n.A."
446,"F30","Manische Episode"
447,"F31","Bipolare affektive Störung"
448,"F32","Depressive Episode"
449,"F33","Rezidivierende depressive Störung, Rezidivierende Episoden (F33.0 oder F33.1): depressive Reaktion, psychogene Depression, reaktive Depression, saisonale depressive Störung"
450,"F34","Anhaltende affektive Störungen"
451,"F38","Andere affektive Störungen"
452,"F39","Nicht näher bezeichnete affektive Störung, Affektive Psychose o.n.A."
453,"F40","Phobische Störungen"
454,"F41","Andere Angststörungen"
455,"F42","Zwangsstörung, Zwangsneurose"
456,"F43","Reaktionen auf schwere Belastungen und Anpassungsstörungen"
457,"F44","Dissoziative Störungen [Konversionsstörungen], Hysterie, Hysterische Psychose, Konversionhysterie, Konversionsreaktion"
458,"F45","Somatoforme Störungen"
459,"F48","Andere neurotische Störungen"
460,"F50","Eßstörungen"
461,"F51","Nichtorganische Schlafstörungen"
462,"F52","Sexuelle Funktionsstörungen, nicht verursacht durch eine organische Störung oder Krankheit"
463,"F53","Psychische oder Verhaltensstörungen im Wochenbett, anderenorts nicht klassifiziert"
464,"F54","Psychologische Faktoren oder Verhaltensfaktoren bei anderenorts klassifizierten Krankheiten"
465,"F55","Mißbrauch von nichtabhängigkeitserzeugenden Substanzen, Laxanziengewöhnung, Mißbrauch von: Antazida, Pflanzen oder Naturheilmitteln, Steroiden oder Hormonen, Vitaminen"
466,"F59","Nicht näher bezeichnete Verhaltensauffälligkeiten bei körperlichen Störungen und Faktoren, Psychogene körperliche Funktionsstörung o.n.A."
467,"F60","Spezifische Persönlichkeitsstörungen"
468,"F61","Kombinierte und andere Persönlichkeitsstörungen"
469,"F62","Andauernde Persönlichkeitsänderungen, nicht Folge einer Schädigung oder Krankheit des Gehirns"
470,"F63","Abnorme Gewohnheiten und Störungen der Impulskontrolle"
471,"F64","Störungen der Geschlechtsidentität"
472,"F65","Störungen der Sexualpräferenz, Paraphilie"
473,"F66","Psychische und Verhaltensstörungen in Verbindung mit der sexuellen Entwicklung und Orientierung"
474,"F68","Andere Persönlichkeits- und Verhaltensstörungen"
475,"F69","Nicht näher bezeichnete Persönlichkeits- und Verhaltensstörung"
476,"F70","Leichte Intelligenzminderung, [Vierte Stellen siehe am Anfang dieser Krankheitsgruppe], IQ-Bereich von 50-69 (bei Erwachsenen Intelligenzalter von 9 bis unter 12 Jahren)"
477,"F71","Mittelgradige Intelligenzminderung, [Vierte Stellen siehe am Anfang dieser Krankheitsgruppe], IQ-Bereich von 35-49 (bei Erwachsenen Intelligenzalter von 6 bis unter 9 Jahren)"
478,"F72","Schwere Intelligenzminderung, [Vierte Stellen siehe am Anfang dieser Krankheitsgruppe], IQ-Bereich von 20-34 (bei Erwachsenen Intelligenzalter von 3 bis unter 6 Jahren)"
479,"F73","Schwerste Intelligenzminderung, [Vierte Stellen siehe am Anfang dieser Krankheitsgruppe], IQ unter 20 (bei Erwachsenen Intelligenzalter unter 3 Jahren)"
480,"F78","Andere Intelligenzminderung, [Vierte Stellen siehe am Anfang dieser Krankheitsgruppe]"
481,"F79","Nicht näher bezeichnete Intelligenzminderung, [Vierte Stellen siehe am Anfang dieser Krankheitsgruppe]"
482,"F80","Umschriebene Entwicklungsstörungen des Sprechens und der Sprache"
483,"F81","Umschriebene Entwicklungsstörungen schulischer Fertigkeiten"
484,"F82","Umschriebene Entwicklungsstörung der motorischen Funktionen, Entwicklungsbedingte Koordinationsstörung, Entwicklungsdyspraxie, Syndrom des ungeschickten Kindes"
485,"F83","Kombinierte umschriebene Entwicklungsstörungen"
486,"F84","Tiefgreifende Entwicklungsstörungen"
487,"F88","Andere Entwicklungsstörungen, Entwicklungsbedingte Agnosie"
488,"F89","Nicht näher bezeichnete Entwicklungsstörung, Entwicklungsstörung o.n.A."
489,"F90","Hyperkinetische Störungen"
490,"F91","Störungen des Sozialverhaltens"
491,"F92","Kombinierte Störung des Sozialverhaltens und der Emotionen"
492,"F93","Emotionale Störungen des Kindesalters"
493,"F94","Störungen sozialer Funktionen mit Beginn in der Kindheit und Jugend"
494,"F95","Ticstörungen"
495,"F98","Andere Verhaltens- und emotionale Störungen mit Beginn in der Kindheit und Jugend"
496,"F99","Psychische Störung ohne nähere Angabe, Psychische Krankheit o.n.A."
497,"G00","Bakterielle Meningitis, anderenorts nicht klassifiziert, Arachnoiditis, Leptomeningitis, Meningitis, Pachymeningitis, bakteriell"
498,"G01","Meningitis bei anderenorts klassifizierten bakteriellen Krankheiten"
499,"G02","Meningitis bei sonstigen anderenorts klassifizierten infektiösen und parasitären Krankheiten"
500,"G03","Meningitis durch sonstige und nicht näher bezeichnete Ursachen"
501,"G04","Enzephalitis, Myelitis und Enzephalomyelitis"
502,"G05","Enzephalitis, Myelitis und Enzephalomyelitis bei anderenorts klassifizierten Krankheiten"
503,"G06","Intrakranielle und intraspinale Abszesse und Granulome"
504,"G07","Intrakranielle und intraspinale Abszesse und Granulome bei anderenorts klassifizierten Krankheiten"
505,"G08","Intrakranielle und intraspinale Phlebitis und Thrombophlebitis, Septische: Embolie, Endophlebitis, Phlebitis, Thrombophlebitis, Thrombose, intrakranielle oder intraspinale venöse Sinus und Venen"
506,"G09","Folgen entzündlicher Krankheiten des Zentralnervensystems"
507,"G10","Chorea Huntington, Chorea chronica progressiva hereditaria, Huntington-Krankheit"
508,"G11","Hereditäre Ataxie"
509,"G12","Spinale Muskelatrophie und verwandte Syndrome"
510,"G13","Systematrophien, vorwiegend das Zentralnervensystem betreffend, bei anderenorts klassifizierten Krankheiten"
511,"G14","Postpolio-Syndrom"
512,"G20","Primäres Parkinson-Syndrom, Hemiparkinson, Paralysis agitans, Parkinsonismus oder Parkinson-Krankheit: idiopathisch, primär, o.n.A."
513,"G21","Sekundäres Parkinson-Syndrom, Sekundärer Parkinsonismus"
514,"G22","Parkinson-Syndrom bei anderenorts klassifizierten Krankheiten, Parkinson-Syndrom bei Syphilis (A52.1+)"
515,"G23","Sonstige degenerative Krankheiten der Basalganglien"
516,"G24","Dystonie"
517,"G25","Sonstige extrapyramidale Krankheiten und Bewegungsstörungen"
518,"G26","Extrapyramidale Krankheiten und Bewegungsstörungen bei anderenorts klassifizierten Krankheiten"
519,"G30","Alzheimer-Krankheit, Senile und präsenile Formen"
520,"G31","Sonstige degenerative Krankheiten des Nervensystems, anderenorts nicht klassifiziert"
521,"G32","Sonstige degenerative Krankheiten des Nervensystems bei anderenorts klassifizierten Krankheiten"
522,"G35","Multiple Sklerose [Encephalomyelitis disseminata], Multiple Sklerose: disseminiert, generalisiert, Hirnstamm, Rückenmark, o.n.A."
523,"G36","Sonstige akute disseminierte Demyelinisation"
524,"G37","Sonstige demyelinisierende Krankheiten des Zentralnervensystems"
525,"G40","Epilepsie"
526,"G41","Status epilepticus"
527,"G43","Migräne"
528,"G44","Sonstige Kopfschmerzsyndrome"
529,"G45","Zerebrale transitorische ischämische Attacken und verwandte Syndrome"
530,"G46","Zerebrale Gefäßsyndrome bei zerebrovaskulären Krankheiten (I60-I67+)"
531,"G47","Schlafstörungen"
532,"G50","Krankheiten des N. trigeminus [V. Hirnnerv]"
533,"G51","Krankheiten des N. facialis [VII. Hirnnerv]"
534,"G52","Krankheiten sonstiger Hirnnerven"
535,"G53","Krankheiten der Hirnnerven bei anderenorts klassifizierten Krankheiten"
536,"G54","Krankheiten von Nervenwurzeln und Nervenplexus"
537,"G55","Kompression von Nervenwurzeln und Nervenplexus bei anderenorts klassifizierten Krankheiten"
538,"G56","Mononeuropathien der oberen Extremität"
539,"G57","Mononeuropathien der unteren Extremität"
540,"G58","Sonstige Mononeuropathien"
541,"G59","Mononeuropathie bei anderenorts klassifizierten Krankheiten"
542,"G60","Hereditäre und idiopathische Neuropathie"
543,"G61","Polyneuritis"
544,"G62","Sonstige Polyneuropathien"
545,"G63","Polyneuropathie bei anderenorts klassifizierten Krankheiten"
546,"G64","Sonstige Krankheiten des peripheren Nervensystems, Krankheit des peripheren Nervensystems o.n.A."
547,"G70","Myasthenia gravis und sonstige neuromuskuläre Krankheiten"
548,"G71","Primäre Myopathien"
549,"G72","Sonstige Myopathien"
550,"G73","Krankheiten im Bereich der neuromuskulären Synapse und des Muskels bei anderenorts klassifizierten Krankheiten"
551,"G80","Infantile Zerebralparese"
552,"G81","Hemiplegie"
553,"G82","Paraplegie und Tetraplegie"
554,"G83","Sonstige Lähmungssyndrome"
555,"G90","Krankheiten des autonomen Nervensystems"
556,"G91","Hydrozephalus"
557,"G92","Toxische Enzephalopathie"
558,"G93","Sonstige Krankheiten des Gehirns"
559,"G94","Sonstige Krankheiten des Gehirns bei anderenorts klassifizierten Krankheiten"
560,"G95","Sonstige Krankheiten des Rückenmarkes"
561,"G96","Sonstige Krankheiten des Zentralnervensystems"
562,"G97","Krankheiten des Nervensystems nach medizinischen Maßnahmen, anderenorts nicht klassifiziert"
563,"G98","Sonstige Krankheiten des Nervensystems, anderenorts nicht klassifiziert, Krankheit des Nervensystems o.n.A."
564,"G99","Sonstige Krankheiten des Nervensystems bei anderenorts klassifizierten Krankheiten"
565,"H00","Hordeolum und Chalazion"
566,"H01","Sonstige Entzündung des Augenlides"
567,"H02","Sonstige Affektionen des Augenlides"
568,"H03","Affektionen des Augenlides bei anderenorts klassifizierten Krankheiten"
569,"H04","Affektionen des Tränenapparates"
570,"H05","Affektionen der Orbita"
571,"H06","Affektionen des Tränenapparates und der Orbita bei anderenorts klassifizierten Krankheiten"
572,"H10","Konjunktivitis"
573,"H11","Sonstige Affektionen der Konjunktiva"
574,"H13","Affektionen der Konjunktiva bei anderenorts klassifizierten Krankheiten"
575,"H15","Affektionen der Sklera"
576,"H16","Keratitis"
577,"H17","Hornhautnarben und -trübungen"
578,"H18","Sonstige Affektionen der Hornhaut"
579,"H19","Affektionen der Sklera und der Hornhaut bei anderenorts klassifizierten Krankheiten"
580,"H20","Iridozyklitis"
581,"H21","Sonstige Affektionen der Iris und des Ziliarkörpers"
582,"H22","Affektionen der Iris und des Ziliarkörpers bei anderenorts klassifizierten Krankheiten"
583,"H25","Cataracta senilis"
584,"H26","Sonstige Kataraktformen"
585,"H27","Sonstige Affektionen der Linse"
586,"H28","Katarakt und sonstige Affektionen der Linse bei anderenorts klassifizierten Krankheiten"
587,"H30","Chorioretinitis"
588,"H31","Sonstige Affektionen der Aderhaut"
589,"H32","Chorioretinale Affektionen bei anderenorts klassifizierten Krankheiten"
590,"H33","Netzhautablösung und Netzhautriß"
591,"H34","Netzhautgefäßverschluß"
592,"H35","Sonstige Affektionen der Netzhaut"
593,"H36","Affektionen der Netzhaut bei anderenorts klassifizierten Krankheiten"
594,"H40","Glaukom"
595,"H42","Glaukom bei anderenorts klassifizierten Krankheiten"
596,"H44","Affektionen des Augapfels"
597,"H45","Affektionen des Glaskörpers und des Augapfels bei anderenorts klassifizierten Krankheiten"
598,"H46","Neuritis optica, Neuropapillitis optica,Neuropathie des N. opticus, ausgenommen ischämisch, Retrobulbäre Neuritis o.n.A."
599,"H47","Sonstige Affektionen des N. opticus [II. Hirnnerv] und der Sehbahn"
600,"H48","Affektionen des N. opticus [II. Hirnnerv] und der Sehbahn bei anderenorts klassifizierten Krankheiten"
601,"H49","Strabismus paralyticus"
602,"H50","Sonstiger Strabismus"
603,"H51","Sonstige Störungen der Blickbewegungen"
604,"H52","Akkommodationsstörungen und Refraktionsfehler"
605,"H53","Sehstörungen"
606,"H54","Blindheit und Sehschwäche"
607,"H55","Nystagmus und sonstige abnorme Augenbewegungen, Nystagmus: angeboren, dissoziiert, durch Deprivation, latent, o.n.A."
608,"H57","Sonstige Affektionen des Auges und der Augenanhangsgebilde"
609,"H58","Sonstige Affektionen des Auges und der Augenanhangsgebilde bei anderenorts klassifizierten Krankheiten"
610,"H59","Affektionen des Auges und der Augenanhangsgebilde nach medizinischen Maßnahmen, anderenorts nicht klassifiziert"
611,"H60","Otitis externa"
612,"H61","Sonstige Krankheiten des äußeren Ohres"
613,"H62","Krankheiten des äußeren Ohres bei anderenorts klassifizierten Krankheiten"
614,"H65","Nichteitrige Otitis media"
615,"H66","Eitrige und nicht näher bezeichnete Otitis media"
616,"H67","Otitis media bei anderenorts klassifizierten Krankheiten"
617,"H68","Entzündung und Verschluß der Tuba auditiva"
618,"H69","Sonstige Krankheiten der Tuba auditiva"
619,"H70","Mastoiditis und verwandte Zustände"
620,"H71","Cholesteatom des Mittelohres, Cholesteatom im Cavum tympani"
621,"H72","Trommelfellperforation, Trommelfellperforation: nach Entzündung, persistierend-posttraumatisch"
622,"H73","Sonstige Krankheiten des Trommelfells"
623,"H74","Sonstige Krankheiten des Mittelohres und des Warzenfortsatzes"
624,"H75","Sonstige Krankheiten des Mittelohres und des Warzenfortsatzes bei anderenorts klassifizierten Krankheiten"
625,"H80","Otosklerose"
626,"H81","Störungen der Vestibularfunktion"
627,"H82","Schwindelsyndrome bei anderenorts klassifizierten Krankheiten"
628,"H83","Sonstige Krankheiten des Innenohres"
629,"H90","Hörverlust durch Schalleitungs- oder Schallempfindungsstörung"
630,"H91","Sonstiger Hörverlust"
631,"H92","Otalgie und Ohrenfluß"
632,"H93","Sonstige Krankheiten des Ohres, anderenorts nicht klassifiziert"
633,"H94","Sonstige Krankheiten des Ohres bei anderenorts klassifizierten Krankheiten"
634,"H95","Krankheiten des Ohres und des Warzenfortsatzes nach medizinischen Maßnahmen, anderenorts nicht klassifiziert"
635,"I00","Rheumatisches Fieber ohne Angabe einer Herzbeteiligung, Akute oder subakute Arthritis bei rheumatischem Fieber"
636,"I01","Rheumatisches Fieber mit Herzbeteiligung"
637,"I02","Rheumatische Chorea"
638,"I05","Rheumatische Mitralklappenkrankheiten"
639,"I06","Rheumatische Aortenklappenkrankheiten"
640,"I07","Rheumatische Trikuspidalklappenkrankheiten"
641,"I08","Krankheiten mehrerer Herzklappen"
642,"I09","Sonstige rheumatische Herzkrankheiten"
643,"I10","Essentielle (primäre) Hypertonie, Bluthochdruck, Hypertonie (arteriell) (benigne) (essentiell) (maligne) (primär) (systemisch)"
644,"I11","Hypertensive Herzkrankheit"
645,"I12","Hypertensive Nierenkrankheit"
646,"I13","Hypertensive Herz- und Nierenkrankheit"
647,"I15","Sekundäre Hypertonie"
648,"I20","Angina pectoris"
649,"I21","Akuter Myokardinfarkt"
650,"I22","Rezidivierender Myokardinfarkt, Reinfarkt, Rezidivinfarkt"
651,"I23","Bestimmte akute Komplikationen nach akutem Myokardinfarkt"
652,"I24","Sonstige akute ischämische Herzkrankheit"
653,"I25","Chronische ischämische Herzkrankheit"
654,"I26","Lungenembolie"
655,"I27","Sonstige pulmonale Herzkrankheiten"
656,"I28","Sonstige Krankheiten der Lungengefäße"
657,"I30","Akute Perikarditis"
658,"I31","Sonstige Krankheiten des Perikards"
659,"I32","Perikarditis bei anderenorts klassifizierten Krankheiten"
660,"I33","Akute und subakute Endokarditis"
661,"I34","Nichtrheumatische Mitralklappenkrankheiten"
662,"I35","Nichtrheumatische Aortenklappenkrankheiten"
663,"I36","Nichtrheumatische Trikuspidalklappenkrankheiten"
664,"I37","Pulmonalklappenkrankheiten"
665,"I38","Endokarditis, Herzklappe nicht näher bezeichnet, Endokarditis (chronisch) o.n.A."
666,"I39","Endokarditis und Herzklappenkrankheiten bei anderenorts klassifizierten Krankheiten"
667,"I40","Akute Myokarditis"
668,"I41","Myokarditis bei anderenorts klassifizierten Krankheiten"
669,"I42","Kardiomyopathie"
670,"I43","Kardiomyopathie bei anderenorts klassifizierten Krankheiten"
671,"I44","Atrioventrikulärer Block und Linksschenkelblock"
672,"I45","Sonstige kardiale Erregungsleitungsstörungen"
673,"I46","Herzstillstand"
674,"I47","Paroxysmale Tachykardie"
675,"I48","Vorhofflattern und Vorhofflimmern"
676,"I49","Sonstige kardiale Arrhythmien"
677,"I50","Herzinsuffizienz"
678,"I51","Komplikationen einer Herzkrankheit und ungenau beschriebene Herzkrankheit"
679,"I52","Sonstige Herzkrankheiten bei anderenorts klassifizierten Krankheiten"
680,"I60","Subarachnoidalblutung"
681,"I61","Intrazerebrale Blutung"
682,"I62","Sonstige nichttraumatische intrakranielle Blutung"
683,"I63","Hirninfarkt"
684,"I64","Schlaganfall, nicht als Blutung oder Infarkt bezeichnet, Zerebrovaskulärer Insult o.n.A."
685,"I65","Verschluß und Stenose der extrakraniellen hirnversorgenden Arterien ohne resultierenden Hirninfarkt"
686,"I66","Verschluß und Stenose intrakranieller Arterien ohne resultierenden Hirninfarkt"
687,"I67","Sonstige zerebrovaskuläre Krankheiten"
688,"I68","Zerebrovaskuläre Störungen bei anderenorts klassifizierten Krankheiten"
689,"I69","Folgen einer zerebrovaskulären Krankheit"
690,"I70","Atherosklerose"
691,"I71","Aortenaneurysma und -dissektion"
692,"I72","Sonstiges Aneurysma"
693,"I73","Sonstige periphere Gefäßkrankheiten"
694,"I74","Arterielle Embolie und Thrombose"
695,"I77","Sonstige Krankheiten der Arterien und Arteriolen"
696,"I78","Krankheiten der Kapillaren"
697,"I79","Krankheiten der Arterien, Arteriolen und Kapillaren bei anderenorts klassifizierten Krankheiten"
698,"I80","Phlebitis und Thrombophlebitis"
699,"I81","Pfortaderthrombose, Pfortaderverschluß"
700,"I82","Sonstige venöse Embolie und Thrombose"
701,"I83","Varizen der unteren Extremitäten"
702,"I84","Hämorrhoiden"
703,"I85","Ösophagusvarizen"
704,"I86","Varizen sonstiger Lokalisationen"
705,"I87","Sonstige Venenkrankheiten"
706,"I88","Unspezifische Lymphadenitis"
707,"I89","Sonstige nichtinfektiöse Krankheiten der Lymphgefäße und Lymphknoten"
708,"I95","Hypotonie"
709,"I97","Kreislaufkomplikationen nach medizinischen Maßnahmen, anderenorts nicht klassifiziert"
710,"I98","Sonstige Störungen des Kreislaufsystems bei anderenorts klassifizierten Krankheiten"
711,"I99","Sonstige und nicht näher bezeichnete Krankheiten des Kreislaufsystems"
712,"J00","Akute Rhinopharyngitis [Erkältungsschnupfen], Nasenkatarrh, akut, Rhinitis: akut, infektiös, Rhinopharyngitis: infektiös o.n.A., o.n.A., Schnupfen (akut)"
713,"J01","Akute Sinusitis"
714,"J02","Akute Pharyngitis"
715,"J03","Akute Tonsillitis"
716,"J04","Akute Laryngitis und Tracheitis"
717,"J05","Akute obstruktive Laryngitis [Krupp] und Epiglottitis"
718,"J06","Akute Infektionen an mehreren oder nicht näher bezeichneten Lokalisationen der oberen Atemwege"
719,"J09","Grippe durch nachgewiesene Vogelgrippe-Viren"
720,"J10","Grippe durch nachgewiesene Influenzaviren"
721,"J11","Grippe, Viren nicht nachgewiesen"
722,"J12","Viruspneumonie, anderenorts nicht klassifiziert"
723,"J13","Pneumonie durch Streptococcus pneumoniae, Bronchopneumonie durch Streptococcus pneumoniae"
724,"J14","Pneumonie durch Haemophilus influenzae, Bronchopneumonie durch Haemophilus influenzae"
725,"J15","Pneumonie durch Bakterien, anderenorts nicht klassifiziert"
726,"J16","Pneumonie durch sonstige Infektionserreger, anderenorts nicht klassifiziert"
727,"J17","Pneumonie bei anderenorts klassifizierten Krankheiten"
728,"J18","Pneumonie, Erreger nicht näher bezeichnet"
729,"J20","Akute Bronchitis"
730,"J21","Akute Bronchiolitis"
731,"J22","Akute Infektion der unteren Atemwege, nicht näher bezeichnet, Akute Infektion der (unteren) Atemwege o.n.A."
732,"J30","Vasomotorische und allergische Rhinopathie"
733,"J31","Chronische Rhinitis, Rhinopharyngitis und Pharyngitis"
734,"J32","Chronische Sinusitis"
735,"J33","Nasenpolyp"
736,"J34","Sonstige Krankheiten der Nase und der Nasennebenhöhlen"
737,"J35","Chronische Krankheiten der Gaumen- und Rachenmandeln"
738,"J36","Peritonsillarabszeß, Phlegmone, peritonsillär, Tonsillarabszeß"
739,"J37","Chronische Laryngitis und Laryngotracheitis"
740,"J38","Krankheiten der Stimmlippen und des Kehlkopfes, anderenorts nicht klassifiziert"
741,"J39","Sonstige Krankheiten der oberen Atemwege"
742,"J40","Bronchitis, nicht als akut oder chronisch bezeichnet, Bronchitis:, katarrhalisch, mit Tracheitis o.n.A., o.n.A., Tracheobronchitis o.n.A."
743,"J41","Einfache und schleimig-eitrige chronische Bronchitis"
744,"J42","Nicht näher bezeichnete chronische Bronchitis, Chronische: Bronchitis o.n.A., Tracheitis, Tracheobronchitis"
745,"J43","Emphysem"
746,"J44","Sonstige chronische obstruktive Lungenkrankheit"
747,"J45","Asthma bronchiale"
748,"J46","Status asthmaticus, Akutes schweres Asthma bronchiale"
749,"J47","Bronchiektasen, Bronchiolektasen"
750,"J60","Kohlenbergarbeiter-Pneumokoniose, Anthrakose, Anthrakosilikose, Kohlenstaub-Lunge"
751,"J61","Pneumokoniose durch Asbest und sonstige anorganische Fasern, Asbestose"
752,"J62","Pneumokoniose durch Quarzstaub"
753,"J63","Pneumokoniose durch sonstige anorganische Stäube"
754,"J64","Nicht näher bezeichnete Pneumokoniose"
755,"J65","Pneumokoniose in Verbindung mit Tuberkulose"
756,"J66","Krankheit der Atemwege durch spezifischen organischen Staub"
757,"J67","Allergische Alveolitis durch organischen Staub"
758,"J68","Krankheiten der Atmungsorgane durch Einatmen von chemischen Substanzen, Gasen, Rauch und Dämpfen"
759,"J69","Pneumonie durch feste und flüssige Substanzen"
760,"J70","Krankheiten der Atmungsorgane durch sonstige exogene Substanzen"
761,"J80","Atemnotsyndrom des Erwachsenen [ARDS], Hyaline-Membranen-Krankheit des Erwachsenen"
762,"J81","Lungenödem, Akutes Lungenödem, Lungenstauung (passiv)"
763,"J82","Eosinophiles Lungeninfiltrat, anderenorts nicht klassifiziert, Eosinophiles Lungeninfiltrat mit Asthma bronchiale, Löffler-Syndrom (I), Tropische (pulmonale) Eosinophilie o.n.A."
764,"J84","Sonstige interstitielle Lungenkrankheiten"
765,"J85","Abszeß der Lunge und des Mediastinums"
766,"J86","Pyothorax"
767,"J90","Pleuraerguß, anderenorts nicht klassifiziert, Pleuritis mit Erguß"
768,"J91","Pleuraerguß bei anderenorts klassifizierten Krankheiten"
769,"J92","Pleuraplaques"
770,"J93","Pneumothorax"
771,"J94","Sonstige Krankheitszustände der Pleura"
772,"J95","Krankheiten der Atemwege nach medizinischen Maßnahmen, anderenorts nicht klassifiziert"
773,"J96","Respiratorische Insuffizienz, anderenorts nicht klassifiziert"
774,"J98","Sonstige Krankheiten der Atemwege"
775,"J99","Krankheiten der Atemwege bei anderenorts klassifizierten Krankheiten"
776,"K00","Störungen der Zahnentwicklung und des Zahndurchbruchs"
777,"K01","Retinierte und impaktierte Zähne"
778,"K02","Zahnkaries"
779,"K03","Sonstige Krankheiten der Zahnhartsubstanzen"
780,"K04","Krankheiten der Pulpa und des periapikalen Gewebes"
781,"K05","Gingivitis und Krankheiten des Parodonts"
782,"K06","Sonstige Krankheiten der Gingiva und des zahnlosen Alveolarkammes"
783,"K07","Dentofaziale Anomalien [einschließlich fehlerhafter Okklusion]"
784,"K08","Sonstige Krankheiten der Zähne und des Zahnhalteapparates"
785,"K09","Zysten der Mundregion, anderenorts nicht klassifiziert"
786,"K10","Sonstige Krankheiten der Kiefer"
787,"K11","Krankheiten der Speicheldrüsen"
788,"K12","Stomatitis und verwandte Krankheiten"
789,"K13","Sonstige Krankheiten der Lippe und der Mundschleimhaut"
790,"K14","Krankheiten der Zunge"
791,"K20","Ösophagitis, Abszeß des Ösophagus, Ösophagitis: durch chemische Substanzen, peptisch, o.n.A."
792,"K21","Gastroösophageale Refluxkrankheit"
793,"K22","Sonstige Krankheiten des Ösophagus"
794,"K23","Krankheiten des Ösophagus bei anderenorts klassifizierten Krankheiten"
795,"K25","Ulcus ventriculi [Vierte Stellen siehe Benutzungshinweis vor K25]"
796,"K26","Ulcus duodeni [Vierte Stellen siehe Benutzungshinweis vor K25]"
797,"K27","Ulcus pepticum, Lokalisation nicht näher bezeichnet [Vierte Stellen siehe Benutzungshinweis vor K25]"
798,"K28","Ulcus pepticum jejuni [Vierte Stellen siehe Benutzungshinweis vor K25]"
799,"K29","Gastritis und Duodenitis"
800,"K30","Dyspepsie, Verdauungsstörung"
801,"K31","Sonstige Krankheiten des Magens und des Duodenums"
802,"K35","Akute Appendizitis"
803,"K36","Sonstige Appendizitis, Appendizitis: chronisch, rezidivierend"
804,"K37","Nicht näher bezeichnete Appendizitis"
805,"K38","Sonstige Krankheiten der Appendix"
806,"K40","Hernia inguinalis"
807,"K41","Hernia femoralis"
808,"K42","Hernia umbilicalis"
809,"K43","Hernia ventralis"
810,"K44","Hernia diaphragmatica"
811,"K45","Sonstige abdominale Hernien"
812,"K46","Nicht näher bezeichnete abdominale Hernie"
813,"K50","Crohn-Krankheit [Enteritis regionalis] [Morbus Crohn]"
814,"K51","Colitis ulcerosa"
815,"K52","Sonstige nichtinfektiöse Gastroenteritis und Kolitis"
816,"K55","Gefäßkrankheiten des Darmes"
817,"K56","Paralytischer Ileus und mechanischer Ileus ohne Hernie"
818,"K57","Divertikulose des Darmes"
819,"K58","Colon irritabile"
820,"K59","Sonstige funktionelle Darmstörungen"
821,"K60","Fissur und Fistel in der Anal- und Rektalregion"
822,"K61","Abszeß in der Anal- und Rektalregion"
823,"K62","Sonstige Krankheiten des Anus und des Rektums"
824,"K63","Sonstige Krankheiten des Darmes"
825,"K64","Hämorrhoiden und Perianalvenenthrombose"
826,"K65","Peritonitis"
827,"K66","Sonstige Krankheiten des Peritoneums"
828,"K67","Krankheiten des Peritoneums bei anderenorts klassifizierten Infektionskrankheiten"
829,"K70","Alkoholische Leberkrankheit"
830,"K71","Toxische Leberkrankheit"
831,"K72","Leberversagen, anderenorts nicht klassifiziert"
832,"K73","Chronische Hepatitis, anderenorts nicht klassifiziert"
833,"K74","Fibrose und Zirrhose der Leber"
834,"K75","Sonstige entzündliche Leberkrankheiten"
835,"K76","Sonstige Krankheiten der Leber"
836,"K77","Leberkrankheiten bei anderenorts klassifizierten Krankheiten"
837,"K80","Cholelithiasis"
838,"K81","Cholezystitis"
839,"K82","Sonstige Krankheiten der Gallenblase"
840,"K83","Sonstige Krankheiten der Gallenwege"
841,"K85","Akute Pankreatitis, Pankreasabszeß, Pankreasnekrose: akut, infektiös, Pankreatitis: akut (rezidivierend), eitrig, hämorrhagisch, subakut, o.n.A."
842,"K86","Sonstige Krankheiten des Pankreas"
843,"K87","Krankheiten der Gallenblase, der Gallenwege und des Pankreas bei anderenorts klassifizierten Krankheiten"
844,"K90","Intestinale Malabsorption"
845,"K91","Krankheiten des Verdauungssystems nach medizinischen Maßnahmen, anderenorts nicht klassifiziert"
846,"K92","Sonstige Krankheiten des Verdauungssystems"
847,"K93","Krankheiten sonstiger Verdauungsorgane bei anderenorts klassifizierten Krankheiten"
848,"L00","Staphylococcal scalded skin syndrome [SSS-Syndrom], Dermatitis exfoliativa neonatorum [Ritter (-von-Rittershain)], Pemphigus acutus neonatorum"
849,"L01","Impetigo"
850,"L02","Hautabszeß, Furunkel und Karbunkel"
851,"L03","Phlegmone"
852,"L04","Akute Lymphadenitis"
853,"L05","Pilonidalzyste"
854,"L08","Sonstige lokale Infektionen der Haut und der Unterhaut"
855,"L10","Pemphiguskrankheiten"
856,"L11","Sonstige akantholytische Dermatosen"
857,"L12","Pemphigoidkrankheiten"
858,"L13","Sonstige bullöse Dermatosen"
859,"L14","Bullöse Dermatosen bei anderenorts klassifizierten Krankheiten"
860,"L20","Atopisches [endogenes] Ekzem"
861,"L21","Seborrhoisches Ekzem, Seborrhoische Dermatitis"
862,"L22","Windeldermatitis, Psoriasiforme Windeldermatitis, Windel-: Ausschlag, Erythem"
863,"L23","Allergische Kontaktdermatitis"
864,"L24","Toxische Kontaktdermatitis"
865,"L25","Nicht näher bezeichnete Kontaktdermatitis"
866,"L26","Exfoliative Dermatitis, Pityriasis rubra [Hebra]"
867,"L27","Dermatitis durch oral, enteral oder parenteral aufgenommene Substanzen"
868,"L28","Lichen simplex chronicus und Prurigo"
869,"L29","Pruritus"
870,"L30","Sonstige Dermatitis"
871,"L40","Psoriasis"
872,"L41","Parapsoriasis"
873,"L42","Pityriasis rosea"
874,"L43","Lichen ruber planus"
875,"L44","Sonstige papulosquamöse Hautkrankheiten"
876,"L45","Papulosquamöse Hautkrankheiten bei anderenorts klassifizierten Krankheiten"
877,"L50","Urtikaria"
878,"L51","Erythema exsudativum multiforme"
879,"L52","Erythema nodosum"
880,"L53","Sonstige erythematöse Krankheiten"
881,"L54","Erythem bei anderenorts klassifizierten Krankheiten"
882,"L55","Dermatitis solaris acuta, Sonnenbrand"
883,"L56","Sonstige akute Hautveränderungen durch Ultraviolettstrahlen"
884,"L57","Hautveränderungen durch chronische Exposition gegenüber nichtionisierender Strahlung"
885,"L58","Radiodermatitis"
886,"L59","Sonstige Krankheiten der Haut und der Unterhaut durch Strahleneinwirkung"
887,"L60","Krankheiten der Nägel"
888,"L62","Krankheiten der Nägel bei anderenorts klassifizierten Krankheiten"
889,"L63","Alopecia areata"
890,"L64","Alopecia androgenetica"
891,"L65","Sonstiger Haarausfall ohne Narbenbildung"
892,"L66","Narbige Alopezie [Haarausfall mit Narbenbildung]"
893,"L67","Anomalien der Haarfarbe und des Haarschaftes"
894,"L68","Hypertrichose"
895,"L70","Akne"
896,"L71","Rosazea"
897,"L72","Follikuläre Zysten der Haut und der Unterhaut"
898,"L73","Sonstige Krankheiten der Haarfollikel"
899,"L74","Krankheiten der ekkrinen Schweißdrüsen"
900,"L75","Krankheiten der apokrinen Schweißdrüsen"
901,"L80","Vitiligo"
902,"L81","Sonstige Störungen der Hautpigmentierung"
903,"L82","Seborrhoische Keratose, Dermatosis papulosa nigra, Leser-Trélat-Syndrom"
904,"L83","Acanthosis nigricans, Papillomatosis confluens et reticularis [Gougerot-Carteaud]"
905,"L84","Hühneraugen und Horn- (Haut-) Schwielen, Kallus, Klavus"
906,"L85","Sonstige Epidermisverdickung"
907,"L86","Keratom bei anderenorts klassifizierten Krankheiten, Keratosis follicularis, Xeroderma, durch Vitamin-A-Mangel (E50.8+)"
908,"L87","Störungen der transepidermalen Elimination"
909,"L88","Pyoderma gangraenosum, Dermatitis ulcerosa, Phagedänische Pyodermie"
910,"L89","Dekubitalgeschwür, Dekubitus, Druckgeschwür, Ulkus bei medizinischer Anwendung von Gips"
911,"L90","Atrophische Hautkrankheiten"
912,"L91","Hypertrophe Hautkrankheiten"
913,"L92","Granulomatöse Krankheiten der Haut und der Unterhaut"
914,"L93","Lupus erythematodes"
915,"L94","Sonstige lokalisierte Krankheiten des Bindegewebes"
916,"L95","Anderenorts nicht klassifizierte Vaskulitis, die auf die Haut begrenzt ist"
917,"L97","Ulcus cruris, anderenorts nicht klassifiziert"
918,"L98","Sonstige Krankheiten der Haut und der Unterhaut, anderenorts nicht klassifiziert"
919,"L99","Sonstige Krankheiten der Haut und der Unterhaut bei anderenorts klassifizierten Krankheiten"
920,"M00","Eitrige Arthritis [5. Stelle Schlüsselnummer der Lokalisation siehe am Anfang dieses Kapitels]"
921,"M01","Direkte Gelenkinfektionen bei anderenorts klassifizierten infektiösen und parasitären Krankheiten [5. Stelle Schlüsselnummer der Lokalisation siehe am Anfang dieses Kapitels]"
922,"M02","Reaktive Arthritiden [5. Stelle Schlüsselnummer der Lokalisation siehe am Anfang dieses Kapitels]"
923,"M03","Postinfektiöse und reaktive Arthritiden bei anderenorts klassifizierten Krankheiten [5. Stelle Schlüsselnummer der Lokalisation siehe am Anfang dieses Kapitels]"
924,"M05","Seropositive chronische Polyarthritis [5. Stelle Schlüsselnummer der Lokalisation siehe am Anfang dieses Kapitels]"
925,"M06","Sonstige chronische Polyarthritis [5. Stelle Schlüsselnummer der Lokalisation siehe am Anfang dieses Kapitels]"
926,"M07","Arthritis psoriatica und Arthritiden bei gastrointestinalen Grundkrankheiten [5. Stelle Schlüsselnummer der Lokalisation siehe am Anfang dieses Kapitels]"
927,"M08","Juvenile Arthritis [5. Stelle Schlüsselnummer der Lokalisation siehe am Anfang dieses Kapitels]"
928,"M09","Juvenile Arthritis bei anderenorts klassifizierten Krankheiten [5. Stelle Schlüsselnummer der Lokalisation siehe am Anfang dieses Kapitels]"
929,"M10","Gicht [5. Stelle Schlüsselnummer der Lokalisation siehe am Anfang dieses Kapitels]"
930,"M11","Sonstige Kristall-Arthropathien [5. Stelle Schlüsselnummer der Lokalisation siehe am Anfang dieses Kapitels]"
931,"M12","Sonstige näher bezeichnete Arthropathien [5. Stelle Schlüsselnummer der Lokalisation siehe am Anfang dieses Kapitels]"
932,"M13","Sonstige Arthritis [5. Stelle Schlüsselnummer der Lokalisation siehe am Anfang dieses Kapitels]"
933,"M14","Arthropathien bei sonstigen anderenorts klassifizierten Krankheiten"
934,"M15","Polyarthrose"
935,"M16","Koxarthrose [Arthrose des Hüftgelenkes]"
936,"M17","Gonarthrose [Arthrose des Kniegelenkes]"
937,"M18","Rhizarthrose [Arthrose des Daumensattelgelenkes]"
938,"M19","Sonstige Arthrose [5. Stelle Schlüsselnummer der Lokalisation siehe am Anfang dieses Kapitels]"
939,"M20","Erworbene Deformitäten der Finger und Zehen"
940,"M21","Sonstige erworbene Deformitäten der Extremitäten [5. Stelle Schlüsselnummer der Lokalisation siehe am Anfang dieses Kapitels]"
941,"M22","Krankheiten der Patella"
942,"M23","Binnenschädigung des Kniegelenkes [internal derangement]"
943,"M24","Sonstige näher bezeichnete Gelenkschädigungen [5. Stelle Schlüsselnummer der Lokalisation siehe am Anfang dieses Kapitels]"
944,"M25","Sonstige Gelenkkrankheiten, anderenorts nicht klassifiziert [5. Stelle Schlüsselnummer der Lokalisation siehe am Anfang dieses Kapitels]"
945,"M30","Panarteriitis nodosa und verwandte Zustände"
946,"M31","Sonstige nekrotisierende Vaskulopathien"
947,"M32","Systemischer Lupus erythematodes"
948,"M33","Dermatomyositis-Polymyositis"
949,"M34","Systemische Sklerose"
950,"M35","Sonstige Krankheiten mit Systembeteiligung des Bindegewebes"
951,"M36","Systemkrankheiten des Bindegewebes bei anderenorts klassifizierten Krankheiten"
952,"M40","Kyphose und Lordose [5. Stelle Schlüsselnummer der Lokalisation siehe am Anfang dieser Krankheitsgruppe]"
953,"M41","Skoliose [5. Stelle Schlüsselnummer der Lokalisation siehe am Anfang dieser Krankheitsgruppe]"
954,"M42","Osteochondrose der Wirbelsäule [5. Stelle Schlüsselnummer der Lokalisation siehe am Anfang dieser Krankheitsgruppe]"
955,"M43","Sonstige Deformitäten der Wirbelsäule und des Rückens [5. Stelle Schlüsselnummer der Lokalisation siehe am Anfang dieser Krankheitsgruppe]"
956,"M45","Spondylitis ankylosans [5. Stelle Schlüsselnummer der Lokalisation siehe am Anfang der Krankheitsgruppe M40-M54], Chronische Polyarthritis der Wirbelsäule"
957,"M46","Sonstige entzündliche Spondylopathien [5. Stelle Schlüsselnummer der Lokalisation siehe am Anfang der Krankheitsgruppe M40-M54]"
958,"M47","Spondylose [5. Stelle Schlüsselnummer der Lokalisation siehe am Anfang der Krankheitsgruppe M40-M54]"
959,"M48","Sonstige Spondylopathien [5. Stelle Schlüsselnummer der Lokalisation siehe am Anfang der Krankheitsgruppe M40-M54]"
960,"M49","Spondylopathien bei anderenorts klassifizierten Krankheiten [5. Stelle Schlüsselnummer der Lokalisation siehe am Anfang der Krankheitsgruppe M40-M54]"
961,"M50","Zervikale Bandscheibenschäden"
962,"M51","Sonstige Bandscheibenschäden"
963,"M53","Sonstige Krankheiten der Wirbelsäule und des Rückens, anderenorts nicht klassifiziert [5. Stelle Schlüsselnummer der Lokalisation siehe am Anfang der Krankheitsgruppe M40-M54]"
964,"M54","Rückenschmerzen [5. Stelle Schlüsselnummer der Lokalisation siehe am Anfang der Krankheitsgruppe M40-M54]"
965,"M60","Myositis [5. Stelle Schlüsselnummer der Lokalisation siehe am Anfang dieses Kapitels]"
966,"M61","Kalzifikation und Ossifikation von Muskeln [5. Stelle Schlüsselnummer der Lokalisation siehe am Anfang dieses Kapitels]"
967,"M62","Sonstige Muskelkrankheiten [5. Stelle Schlüsselnummer der Lokalisation siehe am Anfang dieses Kapitels]"
968,"M63","Muskelkrankheiten bei anderenorts klassifizierten Krankheiten"
969,"M65","Synovitis und Tenosynovitis [5. Stelle Schlüsselnummer der Lokalisation siehe am Anfang dieses Kapitels]"
970,"M66","Spontanruptur der Synovialis und von Sehnen [5. Stelle Schlüsselnummer der Lokalisation siehe am Anfang dieses Kapitels]"
971,"M67","Sonstige Krankheiten der Synovialis und der Sehnen"
972,"M68","Krankheiten der Synovialis und der Sehnen bei anderenorts klassifizierten Krankheiten"
973,"M70","Krankheiten des Weichteilgewebes im Zusammenhang mit Beanspruchung, Überbeanspruchung und Druck [5. Stelle Schlüsselnummer der Lokalisation siehe am Anfang dieses Kapitels]"
974,"M71","Sonstige Bursopathien [5. Stelle Schlüsselnummer der Lokalisation siehe am Anfang dieses Kapitels]"
975,"M72","Fibromatosen [5. Stelle Schlüsselnummer der Lokalisation siehe am Anfang dieses Kapitels]"
976,"M73","Krankheiten des Weichteilgewebes bei anderenorts klassifizierten Krankheiten [5. Stelle Schlüsselnummer der Lokalisation siehe am Anfang dieses Kapitels]"
977,"M75","Schulterläsionen"
978,"M76","Enthesopathien der unteren Extremität mit Ausnahme des Fußes [5. Stelle Schlüsselnummer der Lokalisation siehe am Anfang dieses Kapitels]"
979,"M77","Sonstige Enthesopathien [5. Stelle Schlüsselnummer der Lokalisation siehe am Anfang dieses Kapitels]"
980,"M79","Sonstige Krankheiten des Weichteilgewebes, anderenorts nicht klassifiziert [5. Stelle Schlüsselnummer der Lokalisation siehe am Anfang dieses Kapitels]"
981,"M80","Osteoporose mit pathologischer Fraktur [5. Stelle Schlüsselnummer der Lokalisation siehe am Anfang dieses Kapitels]"
982,"M81","Osteoporose ohne pathologische Fraktur [5. Stelle Schlüsselnummer der Lokalisation siehe am Anfang dieses Kapitels]"
983,"M82","Osteoporose bei anderenorts klassifizierten Krankheiten [5. Stelle Schlüsselnummer der Lokalisation siehe am Anfang dieses Kapitels]"
984,"M83","Osteomalazie im Erwachsenenalter [5. Stelle Schlüsselnummer der Lokalisation siehe am Anfang dieses Kapitels]"
985,"M84","Veränderungen der Knochenkontinuität [5. Stelle Schlüsselnummer der Lokalisation siehe am Anfang dieses Kapitels]"
986,"M85","Sonstige Veränderungen der Knochendichte und -struktur [5. Stelle Schlüsselnummer der Lokalisation siehe am Anfang dieses Kapitels]"
987,"M86","Osteomyelitis [5. Stelle Schlüsselnummer der Lokalisation siehe am Anfang dieses Kapitels]"
988,"M87","Knochennekrose [5. Stelle Schlüsselnummer der Lokalisation siehe am Anfang dieses Kapitels]"
989,"M88","Osteodystrophia deformans [Paget-Krankheit] [5. Stelle Schlüsselnummer der Lokalisation siehe am Anfang dieses Kapitels]"
990,"M89","Sonstige Knochenkrankheiten [5. Stelle Schlüsselnummer der Lokalisation siehe am Anfang dieses Kapitels]"
991,"M90","Osteopathien bei anderenorts klassifizierten Krankheiten [5. Stelle Schlüsselnummer der Lokalisation siehe am Anfang dieses Kapitels]"
992,"M91","Juvenile Osteochondrose der Hüfte und des Beckens [5. Stelle Schlüsselnummer der Lokalisation siehe am Anfang dieses Kapitels]"
993,"M92","Sonstige juvenile Osteochondrosen"
994,"M93","Sonstige Osteochondropathien"
995,"M94","Sonstige Knorpelkrankheiten [5. Stelle Schlüsselnummer der Lokalisation siehe am Anfang dieses Kapitels]"
996,"M95","Sonstige erworbene Deformitäten des Muskel-Skelett-Systems und des Bindegewebes"
997,"M96","Krankheiten des Muskel-Skelett-Systems nach medizinischen Maßnahmen, anderenorts nicht klassifiziert"
998,"M99","Biomechanische Funktionsstörungen, anderenorts nicht klassifiziert"
999,"N00","Akutes nephritisches Syndrom [Vierte Stellen siehe am Anfang dieser Krankheitsgruppe]"
1000,"N01","Rapid-progressives nephritisches Syndrom [Vierte Stellen siehe am Anfang dieser Krankheitsgruppe]"
1001,"N02","Rezidivierende und persistierende Hämaturie [Vierte Stellen siehe am Anfang dieser Krankheitsgruppe]"
1002,"N03","Chronisches nephritisches Syndrom [Vierte Stellen siehe am Anfang dieser Krankheitsgruppe]"
1003,"N04","Nephrotisches Syndrom [Vierte Stellen siehe am Anfang dieser Krankheitsgruppe]"
1004,"N05","Nicht näher bezeichnetes nephritisches Syndrom [Vierte Stellen siehe am Anfang dieser Krankheitsgruppe]"
1005,"N06","Isolierte Proteinurie mit Angabe morphologischer Veränderungen [Vierte Stellen siehe am Anfang dieser Krankheitsgruppe]"
1006,"N07","Hereditäre Nephropathie, anderenorts nicht klassifiziert [Vierte Stellen siehe am Anfang dieser Krankheitsgruppe]"
1007,"N08","Glomeruläre Krankheiten bei anderenorts klassifizierten Krankheiten"
1008,"N10","Akute tubulointerstitielle Nephritis. Akut: infektiöse interstitielle Nephritis, Pyelitis, Pyelonephritis"
1009,"N11","Chronische tubulointerstitielle Nephritis"
1010,"N12","Tubulointerstitielle Nephritis, nicht als akut oder chronisch bezeichnet, Interstitielle Nephritis o.n.A., Pyelitis o.n.A., Pyelonephritis o.n.A."
1011,"N13","Obstruktive Uropathie und Refluxuropathie"
1012,"N14","Arzneimittel- und schwermetallinduzierte tubulointerstitielle und tubuläre Krankheitszustände"
1013,"N15","Sonstige tubulointerstitielle Nierenkrankheiten"
1014,"N16","Tubulointerstitielle Nierenkrankheiten bei anderenorts klassifizierten Krankheiten"
1015,"N17","Akutes Nierenversagen"
1016,"N18","Chronische Niereninsuffizienz"
1017,"N19","Nicht näher bezeichnete Niereninsuffizienz, Urämie o.n.A."
1018,"N20","Nieren- und Ureterstein"
1019,"N21","Stein in den unteren Harnwegen"
1020,"N22","Harnstein bei anderenorts klassifizierten Krankheiten"
1021,"N23","Nicht näher bezeichnete Nierenkolik"
1022,"N25","Krankheiten infolge Schädigung der tubulären Nierenfunktion"
1023,"N26","Schrumpfniere, nicht näher bezeichnet, Atrophie der Niere (terminal), Nephrofibrose o.n.A."
1024,"N27","Kleine Niere unbekannter Ursache"
1025,"N28","Sonstige Krankheiten der Niere und des Ureters, anderenorts nicht klassifiziert"
1026,"N29","Sonstige Krankheiten der Niere und des Ureters bei anderenorts klassifizierten Krankheiten"
1027,"N30","Zystitis"
1028,"N31","Neuromuskuläre Dysfunktion der Harnblase, anderenorts nicht klassifiziert"
1029,"N32","Sonstige Krankheiten der Harnblase"
1030,"N33","Krankheiten der Harnblase bei anderenorts klassifizierten Krankheiten"
1031,"N34","Urethritis und urethrales Syndrom"
1032,"N35","Harnröhrenstriktur"
1033,"N36","Sonstige Krankheiten der Harnröhre"
1034,"N37","Krankheiten der Harnröhre bei anderenorts klassifizierten Krankheiten"
1035,"N39","Sonstige Krankheiten des Harnsystems"
1036,"N40","Prostatahyperplasie"
1037,"N41","Entzündliche Krankheiten der Prostata"
1038,"N42","Sonstige Krankheiten der Prostata"
1039,"N43","Hydrozele und Spermatozele"
1040,"N44","Hodentorsion, Torsion: Epididymis, Funiculus spermaticus, Testis"
1041,"N45","Orchitis und Epididymitis"
1042,"N46","Sterilität beim Mann, Azoospermie o.n.A., Oligozoospermie o.n.A."
1043,"N47","Vorhauthypertrophie, Phimose und Paraphimose, Präputiale Adhäsion, Vorhautverengung"
1044,"N48","Sonstige Krankheiten des Penis"
1045,"N49","Entzündliche Krankheiten der männlichen Genitalorgane, anderenorts nicht klassifiziert"
1046,"N50","Sonstige Krankheiten der männlichen Genitalorgane"
1047,"N51","Krankheiten der männlichen Genitalorgane bei anderenorts klassifizierten Krankheiten"
1048,"N60","Gutartige Mammadysplasie [Brustdrüsendysplasie]"
1049,"N61","Entzündliche Krankheiten der Mamma [Brustdrüse], Abszeß (akut) (chronisch) (nichtpuerperal): Areola, Mamma, Karbunkel der Mamma, Mastitis (akut) (subakut) (nichtpuerperal): infektiös, o.n.A."
1050,"N62","Hypertrophie der Mamma [Brustdrüse], Gynäkomastie, Hypertrophie der Mamma: massiv, pubertätsbedingt, o.n.A."
1051,"N63","Nicht näher bezeichnete Knoten in der Mamma [Brustdrüse], Einer oder mehrere Knoten o.n.A. in der Mamma"
1052,"N64","Sonstige Krankheiten der Mamma [Brustdrüse]"
1053,"N70","Salpingitis und Oophoritis"
1054,"N71","Entzündliche Krankheit des Uterus, ausgenommen der Zervix"
1055,"N72","Entzündliche Krankheit der Cervix uteri, Endozervizitis, Exozervizitis, Zervizitis, mit oder ohne Erosion oder Ektropium"
1056,"N73","Sonstige entzündliche Krankheiten im weiblichen Becken"
1057,"N74","Entzündung im weiblichen Becken bei anderenorts klassifizierten Krankheiten"
1058,"N75","Krankheiten der Bartholin-Drüsen"
1059,"N76","Sonstige entzündliche Krankheit der Vagina und Vulva"
1060,"N77","Vulvovaginale Ulzeration und Entzündung bei anderenorts klassifizierten Krankheiten"
1061,"N80","Endometriose"
1062,"N81","Genitalprolaps bei der Frau"
1063,"N82","Fisteln mit Beteiligung des weiblichen Genitaltraktes"
1064,"N83","Nichtentzündliche Krankheiten des Ovars, der Tuba uterina und des Lig. latum uteri"
1065,"N84","Polyp des weiblichen Genitaltraktes"
1066,"N85","Sonstige nichtentzündliche Krankheiten des Uterus, ausgenommen der Zervix"
1067,"N86","Erosion und Ektropium der Cervix uteri, Dekubitalgeschwür (trophisch), Eversion, Zervix"
1068,"N87","Dysplasie der Cervix uteri"
1069,"N88","Sonstige nichtentzündliche Krankheiten der Cervix uteri"
1070,"N89","Sonstige nichtentzündliche Krankheiten der Vagina"
1071,"N90","Sonstige nichtentzündliche Krankheiten der Vulva und des Perineums"
1072,"N91","Ausgebliebene, zu schwache oder zu seltene Menstruation"
1073,"N92","Zu starke, zu häufige oder unregelmäßige Menstruation"
1074,"N93","Sonstige abnorme Uterus- oder Vaginalblutung"
1075,"N94","Schmerz und andere Zustände im Zusammenhang mit den weiblichen Genitalorganen und dem Menstruationszyklus"
1076,"N95","Klimakterische Störungen"
1077,"N96","Neigung zu habituellem Abort, Infertilität, Untersuchung oder Betreuung einer Frau mit Neigung zu habituellem Abort ohne bestehende Schwangerschaft"
1078,"N97","Sterilität der Frau"
1079,"N98","Komplikationen im Zusammenhang mit künstlicher Befruchtung"
1080,"N99","Krankheiten des Urogenitalsystems nach medizinischen Maßnahmen, anderenorts nicht klassifiziert"
